query,rank,document_id,similarity,document
medical image classification,1,18971,0.4000297166644311,"The new RTS Environmental Classification system (RTS GLT) is designed for parties who are commissioning construction projects and who want to build in an environmentally responsible manner. The environmental classification system was developed for Finland, and it takes into account Finnish conditions, legislation and the diversity of the country’s building stock. The RTS environmental classification is based on European standards (CEN TC 350 standards) and it brings together the common best practices in the sector in Finland, such as the Finnish Classification of Indoor Environment, the M1 classification, building life cycle indicators, Kuivaketju10, and the Green Factor tool.
The set of criteria used in the RTS environmental classification (RTS GLT) is applicable to new construction and comprehensive renovation projects, as well as to changes of usage. The set of criteria and the required verification documents can be used to steer projects of different sizes and types, such as school and nursery buildings, residential buildings, office and commercial buildings, and accommodation buildings.
The decision on whether to apply for an environmental classification is taken in conjunction with the purchase of the RT environmental tool. Projects with environmental classifications use the environmental classification symbol. The purpose of the symbol is to communicate the fact that an independent third party has inspected the project and the project meets the requirements. The symbol shows the environmental classification that was granted, from 1 to 5 stars. When a project has been certified, the project details and classification are shown on the map on this website."
medical image classification,2,8527,0.3499981106388897,History of maize classification. How races used in classification. Geographical distribution. Existing races of maize in Mexico.
medical image classification,3,19908,0.25342673183601994,"Download League Of Legends Wallpapers in high-quality for your desktop and smart-phone in wide-screen and HD resolution.
Right click on image, and select “Save Image as League Of Legends Wallpapers” to download image to your desktop, laptop. If you are browsing website by mobile device, please tap on image for a while (3 seconds) and then select “Save Image as…” to download image to your mobile device."
medical image classification,4,17794,0.24050716042338552,"Filters the output of 'wp_calculate_image_sizes()'.
A source size value for use in a 'sizes' attribute.
Requested size. Image size or array of width and height values in pixels (in that order).
The URL to the image file or null.
The image meta data as returned by wp_get_attachment_metadata() or null.
Image attachment ID of the original image or 0."
medical image classification,5,12658,0.2331445075113204,"This guidance is for pharmacists who handle, use and sell/supply medical devices.
What to do with medical device alerts.
Why this guidance is important for you?
What types of medical devices are sold in pharmacies?
What factors do I need to consider when obtaining medical devices for pharmacy use and onward sale/supply?
What do I need to know about devices I use, sell or supply?
How should I report any adverse events associated with medical devices?
What should I do with Medical Device Alerts?"
transformer language model,1,27936,0.47184859061867623,"hi, I am having problems with transformer / circuit board om my Hobby 720 uml model 2003.
In view of the problems, can I bypass the transformer/circuit board ??"
transformer language model,2,25428,0.27910253909199134,"Note: If you're on an iPhone, you cannot change the language of Facebook through the mobile app. Instead, Facebook uses whatever language your phone is set up to use, so to change it you have to pick a different language for your entire phone. Do this through the Settings app via General > Language & Region > iPhone Language."
transformer language model,3,4075,0.22268670391834314,"Looking for Spanish language instructor to improve my reading, writing and speaking skills. We require the tutor to travel to our location at Gwal Pahari. A certification or degree in Spanish Language is preferred. The Spanish language instructor should be punctual and be willing to work on weekdays.
Some of the Spanish language instructor Jobs are given below. Average Salary for Spanish language instructor Jobs is ₹ 2000-10,000 per month. You can further estimate salary using the Spanish Language Fees calculator.
Spanish Language Teacher Job by Ashish S.
Spanish Language Teacher Job by Mainak M.
Spanish Language Teacher Job by Kawal P."
transformer language model,4,701,0.21609620949515373,"Program in Teaching French as a Foreign Language was established in 1985 under the Department of Foreign Education. 2 full professors,3 assistant professors and 3 research assistant are currently working in the department. The Program in Teaching French as a Foreign Language offers both undergraduate and post graduate programs. The students who are enrolled to these programs take a language proficiency exam and if their language level is below the required level, they follow the preparatory language program for the first year."
transformer language model,5,13690,0.2136173117907234,Text in finnish language missing. Sorry for the inconvinience. See in english language.
deep learning healthcare,1,9252,0.2781743670016176,"SAN DIEGO AND WASHINGTON, D.C. – Sept. 5, 2018 – West Health, a family of nonpartisan, nonprofit organizations focused on healthcare research, policy and philanthropy, has appointed Cristina Boccuti, MA, MPP, formerly of the Kaiser Family Foundation, as director of health policy at the Gary and Mary West Health Policy Center(WHPC), bolstering its commitment to lowering healthcare costs in America and enabling successful aging for our nation’s seniors.
While $3.3 trillion or 17.9 percent of the Gross Domestic Product was spent on healthcare in the U.S. in 2016, a recent survey from the West Health Institute and NORC at the University of Chicago showed that three-quarters of Americans do not think we get a good value for healthcare spending and 40 percent skipped recommended medical care because of costs. With 10,000 baby boomers turning 65 every day and healthcare costs consuming an unaffordable portion of household expenses for many seniors, West Health is focused on addressing the cost of care for older adults and all Americans.
Boccuti was associate director of the Kaiser Family Foundation’s program on Medicare policy where she analyzed Medicare reform proposals. Prior to joining the Kaiser Family Foundation, Boccuti was a principal policy analyst with the Medicare Payment Advisory Commission (MedPAC) and the director of policy coordination for the Bureau of Health Professions at the Health Resources and Services Administration, an agency of the Department of Health and Human Services focused on improving access to care for underserved populations. She has also held positions at the Urban Institute and the Government Accountability Office.
West Health’s policy efforts in healthcare costs are focused on lowering prescription drug pricing by allowing Medicare to negotiate directly with pharmaceutical manufacturers, improving the transparency of healthcare pricing and accelerating the adoption of value-based payment models. In 2018, West Health hosted the Healthcare Costs Innovation Summit, focused on advancing solutions to America’s healthcare cost crisis and is planning on hosting the 2019 Healthcare Costs Innovation Summit in Washington D.C. on April 2, 2019."
deep learning healthcare,2,6123,0.2752763462071172,"With today’s advancement in technology, it is becoming more convenient than ever before to earn a Bachelor’s degree in a health-related field online. Some specializations, such as nutrition or public health, can be studied entirely online. Other online degrees, such as Bachelor in Dentistry or Bachelor in Physiotherapy, require additional hands-on experience and acquiring practical skills in various healthcare settings.
A number of reputable universities offer online Master degrees in healthcare. One of the main advantages of taking a Master’s degree online is the flexibility in work and school schedules, but it can be difficult to obtain real-life experience. Therefore, online studies in a health-related field are often combined with research and on-site visits to various healthcare facilities.
Although healthcare is a very a hands-on and practical profession, a number of online PhD programs in the health-related field are available at leading universities. Online PhD programs require a great deal of dedication and self-motivation from the students. While most coursework can usually be completed with the help of e-learning tools, short residencies may also be required.
Taking an MD degree will open a world of professional options in the healthcare industry in a variety of areas. Fully online MD degrees are rare because a lot of practical training is required from the future medical doctors. Online MD programs are therefore combined with on-site experience to provide the practice necessary for success in the medical field.
Online courses offer students the flexibility to attend classes from the convenience of their home, or anywhere with an Internet connection. Online courses in healthcare are perfect for you if you wish to work in the public, private, or non-profit sector to improve the quality of life of individuals and communities, but cannot attend courses on campus.
Present-day online communication and advanced e-learning tools allow students to enroll in programs at accredited universities around the world that are out of reach for in-person learning. Distance learning programs have flexible scheduling structure and are delivered on an individual or group basis. They can be administered in a synchronous or asynchronous mode, or through a combination of both."
deep learning healthcare,3,11119,0.27471869985096053,"The opportunities offered by Big Data will only materialize when healthcare systems move beyond the mere collection of large amounts of data. Linkage of previously separated data sets and their analysis using appropriate Big Data analytics offer new ways to accelerate research and to identify the right treatment for individual patients. Access to large data sets that paint a more comprehensive picture of patients allows patient-relevant outcomes to be measured more accurately. If they are of enough quality and/or supported by other findings such as lab data, they can support decision-makers in shaping patient focused healthcare systems.
What is meant by Big Data in healthcare?
How is Big Data in healthcare collected and analyzed?
Healthcare systems routinely collect large amounts of data as patients use various healthcare services. For example, information on the fact that a patient has visited the doctor, as well as medicines prescribed would be included in the patient’s record. This information is required to provide the patient with optimal care, but also plays an important role in ensuring healthcare providers are reimbursed for their services. Beyond the “one-dimensional” collection of data, computer programs help to combine and enrich data from different sources, thus generating an added value compared to the originally isolated datasets. In broader terms, the analytic methods applied are to support all stages of the health technology life cycle from basic research (such as genomics, proteomics and metabolomics data) to reimbursement decisions (such as economic modelling methods) and subgroup identification (such as imaging data).
Who can use Big Data in healthcare and how?
What are the benefits of using Big Data for patients?"
deep learning healthcare,4,11979,0.27302738015545386,"Doctorate of Healthcare Organization Program is designed for the healthcare professionals who are working in healthcare organizations especially in hospitals or in clinics and who would like to broaden their knowledge, expand their expertise and develop research skills with a focus on theoretical knowledge and its use in healthcare organizations. By conducting original research in their specialist area, candidates are able to progress their careers and stand out in the competitive globalized marketplace. Whatever the subsequent career you have, the transferable skills and knowledge gained will be an asset to you and help you to advance the effectiveness of your organization or of your business and those who work in it. The program aims to develop personal, consultancy and research skills in the context of rigorous and relevant research.
In the Cyprus International University, professional doctoral studies provide research on current topics in management science, management theories, statistics, economics, financial management, marketing management, human resources management, quality management and accreditation and research methods. The language of instruction is English. Before completing the thesis, the student is expected to develop his / her field expertise in close cooperation with the faculty advisors. The conclusion of doctoral studies includes the preparation of the thesis proposal and the actual completion of the thesis research and defense of the thesis in front of a jury which consist of the academicians and written in accordance with the guideline for thesis writing prepared by the Institute. Throughout doctoral education, students are encouraged to submit papers at conferences and publish articles to publish in prestigious journals.
A Doctorate of Healthcare Organizations Management Program is usually seen as the highest level of academic achievement for today’s managers and is thus ranked over the well-known Master of Healthcare Organizations Management Program. Main target group for a Doctorate of Healthcare Organizations Management Program are middle- and top-management executives, who have already earned their Masters in Healthcare Organizations Management or MBA degree and thus it opens totally new career prospects and the elevation on the career ladder. Doctorate of Healthcare Organizations Management Program graduates are equipped to hold several high-level positions, based on their field of specialization and career interests. Roles may include executive and leadership positions in corporations, non-profit organizations and government institutions and healthcare organizations. Professionals with a Doctorate of Healthcare Organizations Management Program may also perform financial analysts, conduct business research or write for business publications, educational textbooks and online business media."
deep learning healthcare,5,7564,0.24048707598820115,"would I have learned, learnt?
would you have learned, learnt?
would he have learned, learnt?
would we have learned, learnt?
would they have learned, learnt?
would I have been learning?
would you have been learning?
would he have been learning?
would we have been learning?
would they have been learning?
would I not be learning?
would you not be learning?
would he not be learning?
would we not be learning?
would they not be learning?
would I not have learned, learnt?
would you not have learned, learnt?
would he not have learned, learnt?
would we not have learned, learnt?
would they not have learned, learnt?
would I not have been learning?
would you not have been learning?
would he not have been learning?
would we not have been learning?
would they not have been learning?"
natural language processing,1,25428,0.3622655551871724,"Note: If you're on an iPhone, you cannot change the language of Facebook through the mobile app. Instead, Facebook uses whatever language your phone is set up to use, so to change it you have to pick a different language for your entire phone. Do this through the Settings app via General > Language & Region > iPhone Language."
natural language processing,2,8705,0.34178868909750415,"These regulations may be called the Food Safety and Standards (Food Products Standards and Food Additives) Amendment Regulations, 2019. They shall come into force on the date of their publication in the Official Gazette.
In the Food Safety and Standards (Food Products Standards and Food Additives) regulations, 2011, the FSSAI proposes to add Processing Aids in Chapter 3 relating to SUBSTANCES ADDED TO FOOD.
The processing aids listed herein are recognised as suitable for use in foods in conformance with the provisions ofthese regulations and have been assigned an Acceptable Daily Intake (ADI) or determined (wherever applicable), onthe basis of other criteria, to be safe and the use of processing aids in conformance with these regulations has to betechnologically justified.
Product category: The foods or food processing procedures, in which the processing aid is utilised, are defined by these regulations.
Food in which processing aids may be used: The conditions, under which processing aids may be used in foods, are defined by these Regulations.
Foods in which processing aids may not be used: Unless expressly permitted in these regulations, processing aids must not be added to food.
Processing aid means any substance or material, not including apparatus or utensils, and not consumed as afood ingredient by itself, intentionally used in the processing of raw materials, foods or its ingredients, to fulfil acertain technological purpose during treatment or processing and which may result in the non-intentional butunavoidable presence of residues or derivatives in the final product (as per FSS Act 2006).
Maximum permitted Level of a processing aid, is the highest concentration of the processing aid, determined tobe functionally effective in a food or food category and agreed to be safe and it is generally expressed as mg/kg offood.
Residual level means the level of processing aid remaining in food after processing. The levels should bedesignated with respect to those directly measured by analysis or estimated by other means. Values are in mg/kg andvalues at the detection limit of available analytical procedures are reported as “Not more than”.
EC number (Enzyme Commission number) means the number which the Enzyme Commission uses toclassify the principal enzyme activity.
Justification for the use of Processing Aids: The use of a substance as a processing aid is justified when such use performs one or more technological functionsduring treatment or processing of raw materials, foods, or ingredients. Any residues of processing aids remaining inthe food after processing should not perform a technological function in the final product.
All the processing aids subject to the provisions of these regulations shall be used under conditions of goodmanufacturing practices (GMP) which includes the following.
(c) The substance is prepared and handled in the same way as a food ingredient.
Specifications for the Identity and Purity of processing aidsSubstances used as processing aids should be of food grade quality. This can be demonstrated by conforming to theapplicable specifications of identity and purity recommended under these Regulations, and in case such standardsare not specified, the purity criteria accepted by international bodies such as Codex Alimentarius may be adhered to.The safety of a substance used as a processing aid should be demonstrated by the supplier or the user of thesubstance. The demonstration of safety should include an appropriate assessment of any unintended or unavoidableresidues resulting from its use as a processing aid under conditions of GMP.
not available on the product should also be mentioned and declaration of the vegetarian or non-vegetarian logo, irrespective of the residue level to be mentioned in the label.
Antifoaming Agents: Substances that reduce and hinder the formation of foam in the processing of liquid food products.
Lubricants, Release and Anti-stick Agents: Substances which help to reduce friction between food contact surfaces and substances that provide the critical barrier between moulding surface and the substrate facilitating separation of cured part from the mould.
Microbial Control Agents: Substances that can be used to inactivate spoilage organisms in the processing of foods.
Microbial Nutrients and Microbial Nutrient Adjuncts: Substances that can be used to enhance the growth of the microbial culture intended to be used in food processing.
Bleaching, Washing, Peeling and Denuding Agents: Substances that can be used in making food products white or colourless and substances that aid in surface treatment (washing, denuding and peeling)of food specified in these regulations.
Flocculating Agents and Enzyme Immobilization Agents and Supports: Substances that promote flocculation by causing colloids and other suspended particles in liquids to aggregate and forming a floc. Flocculants are used to improve the sedimentation or filterability of small particles.
Desiccating Agent: Substances that extract water and prevent the formation of lumps during the manufacturing of food products. They are either soluble or insoluble substances that adsorb water due to their chemical properties.
Generally, Permitted Processing AidsThis category includes processing aids which have different technological functions. These shall be used as per the conditions specified in the corresponding table under these regulations.
Processing Aids for “Beer and Malt Beverages”, “Aromatized Alcoholic Beverages” and“Wines” This category includes processing aids which may be used in the course of manufacture of beer, malt beverages, aromatized alcoholic beverages, and wines. These shall be used as per the conditions specified in the corresponding table under these regulations.
Note: The processing aids listed in the Table 1 to 13 may be used in the course of manufacture of food specified in the corresponding table provided the final food contains no more than the corresponding residue level specified in the Table."
natural language processing,3,4075,0.2890397295926817,"Looking for Spanish language instructor to improve my reading, writing and speaking skills. We require the tutor to travel to our location at Gwal Pahari. A certification or degree in Spanish Language is preferred. The Spanish language instructor should be punctual and be willing to work on weekdays.
Some of the Spanish language instructor Jobs are given below. Average Salary for Spanish language instructor Jobs is ₹ 2000-10,000 per month. You can further estimate salary using the Spanish Language Fees calculator.
Spanish Language Teacher Job by Ashish S.
Spanish Language Teacher Job by Mainak M.
Spanish Language Teacher Job by Kawal P."
natural language processing,4,5699,0.2829147241751635,"Truth-value gaps in natural language.
Waldo, James Hewins, ""Truth-value gaps in natural language."" (1980). Doctoral Dissertations 1896 - February 2014. 2124."
natural language processing,5,701,0.28048549311406706,"Program in Teaching French as a Foreign Language was established in 1985 under the Department of Foreign Education. 2 full professors,3 assistant professors and 3 research assistant are currently working in the department. The Program in Teaching French as a Foreign Language offers both undergraduate and post graduate programs. The students who are enrolled to these programs take a language proficiency exam and if their language level is below the required level, they follow the preparatory language program for the first year."
machine learning classification,1,18971,0.3938334020358822,"The new RTS Environmental Classification system (RTS GLT) is designed for parties who are commissioning construction projects and who want to build in an environmentally responsible manner. The environmental classification system was developed for Finland, and it takes into account Finnish conditions, legislation and the diversity of the country’s building stock. The RTS environmental classification is based on European standards (CEN TC 350 standards) and it brings together the common best practices in the sector in Finland, such as the Finnish Classification of Indoor Environment, the M1 classification, building life cycle indicators, Kuivaketju10, and the Green Factor tool.
The set of criteria used in the RTS environmental classification (RTS GLT) is applicable to new construction and comprehensive renovation projects, as well as to changes of usage. The set of criteria and the required verification documents can be used to steer projects of different sizes and types, such as school and nursery buildings, residential buildings, office and commercial buildings, and accommodation buildings.
The decision on whether to apply for an environmental classification is taken in conjunction with the purchase of the RT environmental tool. Projects with environmental classifications use the environmental classification symbol. The purpose of the symbol is to communicate the fact that an independent third party has inspected the project and the project meets the requirements. The symbol shows the environmental classification that was granted, from 1 to 5 stars. When a project has been certified, the project details and classification are shown on the map on this website."
machine learning classification,2,8527,0.344576767367196,History of maize classification. How races used in classification. Geographical distribution. Existing races of maize in Mexico.
machine learning classification,3,2501,0.25277074154822354,"In recent years, machine learning has been a fun diversion for most of us, bringing joy and horror equally with things like Cooking With Cthulhu and Google Deep Dream’s obsession with dogs. But while we were busy training computers to recognize the difference between kittens and ice cream cones, researchers have been using machine learning in vastly more complicated ways — including mental health diagnoses.
In a proof-of-concept study published this week in BMC Psychiatry, researchers were able to use machine learning to predict PTSD with significant accuracy. This could be a huge change for post-traumatic treatment for kids. We know that between 10 and 40 percent of children who experience traumatic events will develop PTSD, but narrowing down the risk factors to a reliable predictive model has so far been less than entirely successful.
Even the largest meta-analysis of childhood risk factors for traumatic stress was only able to look at 25 risk factors, the only ones that had been identified in more than one of the 64 studies examined. Among those risk factors, only six were assessed in more than 10 studies. The data for a reliable model just isn’t there.
But with machine learning, researchers were able to sidestep that problem. They took 105 potential biopsychosocial risk factor variables — data that could be collected during a child’s hospital visit, like demographics, child symptoms, parent symptoms, stress, magnitude of injury, and several genetic and neurological variables. With that information, their machine learning method was able to rank each child’s risk factors using analysis much more complex than any researcher could calculate alone.
The machine learning protocol able to accurately predict which children were most at risk for developing PTSD after their injuries, which has huge implications for the possibility of early treatment and even prevention. And the study went further, identifying potential causal factors. This points to areas where further research might lead to a change in treatment protocols, and better outcomes.
For example, children anesthetized with Ketamine (which has been shown to have a positive impact on treatment-resistant depression) were more likely to develop PTSD. That doesn’t mean anesthetists should immediately stop using Ketamine with children, but it does mean that more research is required. It’s just as possible that Ketamine itself isn’t the issue — but that it’s replacing another pharmacological factor that helps prevent the development of PTSD, or that it’s interacting with some other factor that wasn’t studied. Machine learning can probably be applied to that, as well.
Mental health issues are complex, and diagnosing them can require taking a staggering number of symptoms and factors into account. With this study, machine learning shows its value as a possible diagnostic tool capable of finding links even the most robust meta-analysis can’t identify."
machine learning classification,4,21822,0.24152050029600985,"Supply Sand Crusher Machine India. Quartz Rock Crusher Machine,Sand Fine Grinding Mill,Vibrating High Quality Equipment With Competitive Price.
Grinder Machine For Powder. buy powder grinding machine high quality Manufacturers Grinder Machine Sand Powder Manganese Crusher."
machine learning classification,5,19280,0.23742081658609368,"Our top of the line Atlas® EDGE 601 machine sells for about $13,000. The BIG NAME competition's top of the line alignment machines sell for over $25,000. What value do you receive when you pay two times the money for a Big RED alignment machine?
We believe that a customer receives almost no extra value when they spend twice the money for their alignment machine.
It appears that your extra money spent on a Big Red alignment machine goes directly to the middleman. The middleman is a combination of an independent factory sales representative and an independent factory service representative. Both of these middlemen make a profit. A HUGE PROFIT!
What do they do to earn their money? The factory sales representative may visit your store and he may even have a demo machine to demonstrate how the Big Red alignment machine works.
If you buy the expensive alignment machine, the independent factory service representative will ""set-up"" your alignment machine and give you some instructions.
If you buy an Atlas® Edge alignment machine, the machine requires almost no set-up. (watch the videos) The machine is very simple to use and works ""out of the box"". There is no need for a demo or a factory service representative to set up the equipment. The Edge alignment machine is just as accurate and is probably ""faster"" than the much more expensive Big Red machine. We believe that the Edge is much easier to use and is much more ""user-friendly"" than any other alignment machine (no matter what the cost) on the market today.
In the unlikely event that you need technical support, we offer a toll free number with professional technicians available to help you. We stock all the parts to repair any of the Edge alignment machines. The quality and durability of the Edge alignment component parts is on par with those alignment machines costing thousands of dollars more.
There is no need to pay a high priced independent factory representative for installation or service. The Edge alignment machine can be calibrated and serviced by the owner. These features reduces potential down time and almost eliminates any out of pocket expenses for the shop owner.
If you can ""fix"" a car...you can ""fix"" your alignment machine.
A low initial investment combined with ease of use and the fact that you (the owner) can calibrate or repair your own machine make the Atlas® Edge alignment machine the perfect choice for any service department.
Factory specification updates are available two times a year and can be easily installed by the owner.
NO need to pay the Big Red service representative for a service call."
image processing,1,8705,0.40684043976441325,"These regulations may be called the Food Safety and Standards (Food Products Standards and Food Additives) Amendment Regulations, 2019. They shall come into force on the date of their publication in the Official Gazette.
In the Food Safety and Standards (Food Products Standards and Food Additives) regulations, 2011, the FSSAI proposes to add Processing Aids in Chapter 3 relating to SUBSTANCES ADDED TO FOOD.
The processing aids listed herein are recognised as suitable for use in foods in conformance with the provisions ofthese regulations and have been assigned an Acceptable Daily Intake (ADI) or determined (wherever applicable), onthe basis of other criteria, to be safe and the use of processing aids in conformance with these regulations has to betechnologically justified.
Product category: The foods or food processing procedures, in which the processing aid is utilised, are defined by these regulations.
Food in which processing aids may be used: The conditions, under which processing aids may be used in foods, are defined by these Regulations.
Foods in which processing aids may not be used: Unless expressly permitted in these regulations, processing aids must not be added to food.
Processing aid means any substance or material, not including apparatus or utensils, and not consumed as afood ingredient by itself, intentionally used in the processing of raw materials, foods or its ingredients, to fulfil acertain technological purpose during treatment or processing and which may result in the non-intentional butunavoidable presence of residues or derivatives in the final product (as per FSS Act 2006).
Maximum permitted Level of a processing aid, is the highest concentration of the processing aid, determined tobe functionally effective in a food or food category and agreed to be safe and it is generally expressed as mg/kg offood.
Residual level means the level of processing aid remaining in food after processing. The levels should bedesignated with respect to those directly measured by analysis or estimated by other means. Values are in mg/kg andvalues at the detection limit of available analytical procedures are reported as “Not more than”.
EC number (Enzyme Commission number) means the number which the Enzyme Commission uses toclassify the principal enzyme activity.
Justification for the use of Processing Aids: The use of a substance as a processing aid is justified when such use performs one or more technological functionsduring treatment or processing of raw materials, foods, or ingredients. Any residues of processing aids remaining inthe food after processing should not perform a technological function in the final product.
All the processing aids subject to the provisions of these regulations shall be used under conditions of goodmanufacturing practices (GMP) which includes the following.
(c) The substance is prepared and handled in the same way as a food ingredient.
Specifications for the Identity and Purity of processing aidsSubstances used as processing aids should be of food grade quality. This can be demonstrated by conforming to theapplicable specifications of identity and purity recommended under these Regulations, and in case such standardsare not specified, the purity criteria accepted by international bodies such as Codex Alimentarius may be adhered to.The safety of a substance used as a processing aid should be demonstrated by the supplier or the user of thesubstance. The demonstration of safety should include an appropriate assessment of any unintended or unavoidableresidues resulting from its use as a processing aid under conditions of GMP.
not available on the product should also be mentioned and declaration of the vegetarian or non-vegetarian logo, irrespective of the residue level to be mentioned in the label.
Antifoaming Agents: Substances that reduce and hinder the formation of foam in the processing of liquid food products.
Lubricants, Release and Anti-stick Agents: Substances which help to reduce friction between food contact surfaces and substances that provide the critical barrier between moulding surface and the substrate facilitating separation of cured part from the mould.
Microbial Control Agents: Substances that can be used to inactivate spoilage organisms in the processing of foods.
Microbial Nutrients and Microbial Nutrient Adjuncts: Substances that can be used to enhance the growth of the microbial culture intended to be used in food processing.
Bleaching, Washing, Peeling and Denuding Agents: Substances that can be used in making food products white or colourless and substances that aid in surface treatment (washing, denuding and peeling)of food specified in these regulations.
Flocculating Agents and Enzyme Immobilization Agents and Supports: Substances that promote flocculation by causing colloids and other suspended particles in liquids to aggregate and forming a floc. Flocculants are used to improve the sedimentation or filterability of small particles.
Desiccating Agent: Substances that extract water and prevent the formation of lumps during the manufacturing of food products. They are either soluble or insoluble substances that adsorb water due to their chemical properties.
Generally, Permitted Processing AidsThis category includes processing aids which have different technological functions. These shall be used as per the conditions specified in the corresponding table under these regulations.
Processing Aids for “Beer and Malt Beverages”, “Aromatized Alcoholic Beverages” and“Wines” This category includes processing aids which may be used in the course of manufacture of beer, malt beverages, aromatized alcoholic beverages, and wines. These shall be used as per the conditions specified in the corresponding table under these regulations.
Note: The processing aids listed in the Table 1 to 13 may be used in the course of manufacture of food specified in the corresponding table provided the final food contains no more than the corresponding residue level specified in the Table."
image processing,2,19908,0.3408109332913545,"Download League Of Legends Wallpapers in high-quality for your desktop and smart-phone in wide-screen and HD resolution.
Right click on image, and select “Save Image as League Of Legends Wallpapers” to download image to your desktop, laptop. If you are browsing website by mobile device, please tap on image for a while (3 seconds) and then select “Save Image as…” to download image to your mobile device."
image processing,3,17794,0.32343655782999514,"Filters the output of 'wp_calculate_image_sizes()'.
A source size value for use in a 'sizes' attribute.
Requested size. Image size or array of width and height values in pixels (in that order).
The URL to the image file or null.
The image meta data as returned by wp_get_attachment_metadata() or null.
Image attachment ID of the original image or 0."
image processing,4,15682,0.31330037038333985,"- Group Image: Provided functionality of group's image, user can now view and change the group's image also.
- Profile image: User can now set a profile image during sign up process.
This is a great app! Love how it keeps history for limited time and allows safety for sensitive texts and information.
Good in theory but half the time you can’t send a pic bc after you choose it from your phone it shows as a blank white page.
My Baseball teammate showed me this app and I downloaded it. I really like it and it’s super interesting!"
image processing,5,8320,0.3027098465839637,"“Image processing technology” will be adopted in day-to-day equipment for our life.
We have the equipment in our hand. It can communicate anytime with person all over the world.
It provide us important feelings and the impression are conveyed by using the word, the character, and the image.
The image processing technology is using in various situations, e.g… to sketch impression and memories, transmitting information, to keep real image, identifying and measuring the object, to support the safety of driving car and tram service, application of telemedicine.
The image is composed of many elements like the optical system, the sensor, and the picture processing. And each element will always be evolving.
Acutelogic aims to offer the technology that controls each element comprehensively, optimally.
Acutelogic always voluntarily assumes the following world and advances development.
It is not possible to win only by acquiring and using state ?of- knowledge at the future business.
The goal is “Building the new scheme and system” is needed to have “Creating new knowledge”.
Acutelogic challenges the goal in cooperation with the partner company who shares us with the purpose though it is hard to achieve completely.
We are changing and developing company ourselves. People of the same persuasion are not only employee. We are company and or employee which understand direction and respect each other.
Let’s make “New shape of cooperation” which like that we are cooperating to achieve the target.
Acutelogic will make a new world which is needed with exciting world.
Acutelogic business vision is to contribute to the society with such an idea in the Image processing technology area.
The application area of the Image processing technology is expanding in infinity. Acutelogic will disclosure technology gradually in the future.
It is very interesting for the human race that paradigm shift would be caused by evolving Acutelogic’s technology with all alone in an engineer all over the world.
Acutelogic always studies hard to offer cutting-edge. Let’s compete each other and develop new business."
